N,P,K,M,Timestamp
83.3,77.7,3.03,35.41,1732400246.1159525
14.48,56.13,50.89,32.0,1732400247.1275766
54.45,66.07,85.67,38.57,1732400248.175503
18.19,0.85,87.54,36.13,1732400249.1902866
12.36,98.56,41.61,36.73,1732400250.2353914
0.52,84.95,86.81,20.19,1732400251.2460299
85.43,21.78,22.38,33.39,1732400252.2901306
53.36,70.6,87.71,8.58,1732400253.306321
83.21,93.59,34.75,16.75,1732400254.3491292
2.4,64.72,88.82,0.76,1732400255.363034
49.19,84.42,70.48,5.55,1732400256.380201
83.61,21.39,21.69,20.91,1732400257.3909738
6.5,53.0,63.69,24.95,1732400258.4151423
255.0,0.0,1.0,56.21,1732483396.347908
2.0,0.0,1.0,55.03,1732483399.377019
2.0,0.0,1.0,54.55,1732483402.4060752
2.0,0.0,1.0,54.06,1732483405.4421787
2.0,0.0,1.0,53.18,1732483407.4866657
2.0,0.0,1.0,52.69,1732483410.5069444
2.0,0.0,1.0,52.39,1732483413.53752
2.0,0.0,1.0,51.71,1732483416.5529132
2.0,0.0,1.0,51.42,1732483419.5951488
2.0,0.0,1.0,51.22,1732483421.6666899
2.0,0.0,1.0,51.22,1732483424.7067144
2.0,0.0,1.0,50.64,1732483427.7451034
2.0,0.0,1.0,50.44,1732483430.7810202
2.0,0.0,1.0,50.34,1732483433.8205378
2.0,0.0,1.0,50.93,1732483435.8503578
2.0,0.0,1.0,49.85,1732483438.8910913
2.0,0.0,1.0,49.85,1732483441.9321
2.0,0.0,1.0,49.76,1732483444.9627824
2.0,0.0,1.0,49.36,1732483448.0023816
2.0,0.0,1.0,49.36,1732483450.034411
2.0,0.0,1.0,49.36,1732483453.0687242
2.0,0.0,1.0,49.36,1732483456.0964377
2.0,0.0,1.0,49.07,1732483459.1178503
2.0,0.0,1.0,48.97,1732483462.1425123
2.0,0.0,1.0,49.07,1732483464.2186842
2.0,0.0,1.0,49.36,1732483467.252349
255.0,1.0,1.0,46.53,1732483654.8899682
3.0,1.0,1.0,46.24,1732483657.9327202
3.0,1.0,1.0,46.33,1732483660.9585629
255.0,0.0,0.0,1.37,1732483791.5017083
0.0,0.0,0.0,1.37,1732483794.5374658
0.0,0.0,0.0,1.27,1732483797.5634804
0.0,0.0,0.0,1.37,1732483800.6059294
0.0,0.0,0.0,1.37,1732483802.6369157
0.0,0.0,0.0,1.37,1732483805.6545691
0.0,0.0,0.0,1.37,1732483808.6898112
0.0,0.0,0.0,1.37,1732483811.7107236
0.0,0.0,0.0,1.37,1732483814.7447436
0.0,0.0,0.0,1.37,1732483816.8209054
0.0,0.0,0.0,1.37,1732483819.8760855
0.0,0.0,0.0,1.37,1732483822.9050226
0.0,0.0,0.0,1.37,1732483825.9429586
0.0,0.0,0.0,1.37,1732483828.9700341
0.0,0.0,0.0,1.37,1732483831.0040512
0.0,0.0,0.0,1.37,1732483834.034945
0.0,0.0,0.0,1.37,1732483837.074797
0.0,0.0,0.0,20.04,1732483840.105026
0.0,0.0,0.0,45.36,1732483843.135215
0.0,0.0,0.0,49.07,1732483845.1883974
0.0,0.0,0.0,46.82,1732483848.220049
0.0,0.0,0.0,46.43,1732483851.244532
0.0,0.0,0.0,46.24,1732483854.3025408
0.0,0.0,0.0,46.14,1732483857.3407564
0.0,0.0,0.0,60.22,1732483859.372465
0.0,0.0,0.0,58.46,1732483862.4046004
1.0,0.0,1.0,58.55,1732483865.4450908
2.0,0.0,1.0,59.04,1732483868.4610643
2.0,0.0,1.0,58.16,1732483871.5046563
2.0,0.0,1.0,58.26,1732483873.5558174
2.0,0.0,1.0,58.46,1732483876.6018486
2.0,0.0,1.0,57.97,1732483879.6308544
2.0,0.0,1.0,58.06,1732483882.674229
2.0,0.0,1.0,58.16,1732483885.7303116
2.0,0.0,1.0,58.55,1732483887.823548
2.0,0.0,1.0,57.87,1732483890.8805676
2.0,0.0,1.0,57.97,1732483893.9661453
2.0,0.0,1.0,58.16,1732483897.0814216
2.0,0.0,1.0,58.85,1732483899.1133647
2.0,0.0,1.0,57.77,1732483902.1543455
2.0,0.0,1.0,57.87,1732483905.192839
2.0,0.0,1.0,58.06,1732483908.234034
2.0,0.0,1.0,57.28,1732483911.2609105
2.0,0.0,1.0,56.6,1732483913.280096
2.0,1.0,1.0,56.7,1732483916.3122945
3.0,1.0,1.0,56.89,1732483919.3344188
3.0,1.0,1.0,55.91,1732483922.3658578
3.0,1.0,1.0,55.91,1732483925.3896523
3.0,1.0,1.0,56.01,1732483927.4496298
3.0,1.0,1.0,56.99,1732483930.4894836
3.0,1.0,1.0,56.4,1732483933.5264385
3.0,1.0,1.0,56.7,1732483936.55145
3.0,1.0,1.0,57.09,1732483939.583851
3.0,1.0,1.0,59.14,1732483941.6336377
3.0,1.0,1.0,59.43,1732483944.6579275
3.0,1.0,2.0,61.39,1732483947.6901789
4.0,1.0,2.0,63.44,1732483950.7195957
4.0,1.0,2.0,52.2,1732483953.7591572
5.0,1.0,2.0,64.81,1732483955.8169913
5.0,1.0,2.0,65.59,1732483958.8519328
5.0,2.0,2.0,66.57,1732483961.896693
5.0,2.0,3.0,66.47,1732483964.913685
6.0,2.0,3.0,66.86,1732483967.9550292
6.0,2.0,3.0,67.45,1732483970.001267
6.0,2.0,3.0,68.23,1732483973.0296488
6.0,2.0,3.0,67.55,1732483976.0593207
6.0,2.0,3.0,67.74,1732483979.1017303
6.0,2.0,3.0,68.13,1732483982.124177
6.0,2.0,3.0,69.4,1732483984.1844056
6.0,2.0,3.0,68.04,1732483987.2250764
6.0,2.0,3.0,68.23,1732483990.2598178
6.0,2.0,3.0,68.62,1732483993.3018882
6.0,2.0,3.0,68.82,1732483996.337549
6.0,2.0,3.0,68.43,1732483998.368199
6.0,2.0,3.0,68.62,1732484001.4083967
6.0,2.0,3.0,69.01,1732484004.4327462
6.0,2.0,3.0,68.52,1732484007.4628959
6.0,2.0,3.0,68.62,1732484010.5007665
6.0,2.0,3.0,68.82,1732484012.548659
6.0,2.0,3.0,69.4,1732484015.572161
6.0,2.0,3.0,68.62,1732484018.6013622
6.0,2.0,3.0,68.72,1732484021.6380043
6.0,2.0,3.0,69.01,1732484024.6673753
6.0,2.0,3.0,70.19,1732484026.7324748
6.0,2.0,3.0,68.72,1732484029.768567
7.0,2.0,3.0,68.82,1732484032.780576
7.0,2.0,3.0,69.11,1732484035.8086061
7.0,2.0,3.0,69.21,1732484038.8511314
7.0,2.0,3.0,68.72,1732484040.915898
7.0,2.0,3.0,68.82,1732484043.9450877
7.0,2.0,3.0,69.21,1732484046.9731777
7.0,2.0,3.0,68.62,1732484049.9975765
7.0,2.0,3.0,68.62,1732484053.0292838
7.0,2.0,3.0,68.82,1732484055.1000352
7.0,2.0,3.0,69.4,1732484058.1353748
7.0,2.0,3.0,68.62,1732484061.1715405
7.0,2.0,3.0,68.72,1732484064.1991115
7.0,2.0,3.0,68.91,1732484067.2235172
7.0,2.0,3.0,56.4,1732484069.2837458
7.0,2.0,3.0,68.62,1732484072.2982595
7.0,2.0,3.0,68.72,1732484075.337298
7.0,2.0,3.0,69.01,1732484078.3559415
7.0,2.0,3.0,46.82,1732484081.4004157
7.0,2.0,3.0,68.62,1732484083.4674482
7.0,2.0,3.0,68.82,1732484086.4914908
7.0,2.0,3.0,69.11,1732484089.5148294
7.0,2.0,3.0,68.52,1732484092.5364404
7.0,2.0,3.0,68.62,1732484095.583661
7.0,2.0,3.0,68.82,1732484097.6474967
7.0,2.0,3.0,69.4,1732484100.6812758
7.0,2.0,3.0,68.62,1732484103.7154107
7.0,2.0,3.0,68.72,1732484106.7474656
7.0,2.0,3.0,68.91,1732484109.7813437
7.0,2.0,3.0,69.79,1732484111.832083
7.0,2.0,3.0,68.52,1732484114.8683288
7.0,2.0,3.0,68.72,1732484117.9045625
7.0,2.0,3.0,68.91,1732484120.9311116
7.0,2.0,3.0,68.72,1732484123.9604468
7.0,2.0,3.0,68.52,1732484126.0158093
7.0,2.0,3.0,68.72,1732484129.0451434
7.0,2.0,3.0,69.01,1732484132.0696836
7.0,2.0,3.0,68.43,1732484135.0999248
7.0,2.0,3.0,68.52,1732484138.1366117
7.0,2.0,3.0,68.72,1732484140.1997232
7.0,2.0,3.0,69.21,1732484143.2137685
7.0,2.0,3.0,68.43,1732484146.2290752
7.0,2.0,3.0,68.52,1732484149.2584212
7.0,2.0,3.0,69.21,1732484152.2825813
7.0,2.0,3.0,75.86,1732484154.3830092
7.0,2.0,5.0,76.15,1732484157.411856
11.0,20.0,33.0,80.35,1732484160.4594085
66.0,33.0,46.0,84.65,1732484163.4910655
96.0,37.0,53.0,62.66,1732484166.5273724
108.0,39.0,55.0,85.14,1732484168.5796514
110.0,37.0,53.0,85.43,1732484171.6190853
104.0,35.0,49.0,86.12,1732484174.64181
98.0,34.0,47.0,85.24,1732484177.6905959
95.0,33.0,46.0,85.34,1732484180.7172174
92.0,32.0,45.0,85.63,1732484182.779821
89.0,31.0,44.0,86.41,1732484185.8099134
87.0,31.0,43.0,85.24,1732484188.833752
86.0,30.0,42.0,85.34,1732484191.8646777
85.0,30.0,42.0,85.53,1732484194.91492
85.0,30.0,42.0,86.71,1732484196.9802148
84.0,30.0,41.0,85.24,1732484200.0112057
83.0,29.0,41.0,85.34,1732484203.0360937
83.0,29.0,41.0,85.53,1732484206.062029
83.0,29.0,41.0,87.98,1732484209.0769787
82.0,29.0,41.0,85.14,1732484211.17655
82.0,29.0,41.0,85.24,1732484214.188075
82.0,29.0,41.0,85.53,1732484217.21274
82.0,29.0,40.0,87.29,1732484220.2489395
81.0,29.0,40.0,85.04,1732484223.283926
81.0,29.0,40.0,85.24,1732484225.3768954
81.0,29.0,40.0,85.63,1732484228.4032118
81.0,29.0,40.0,85.24,1732484231.4479504
81.0,28.0,40.0,84.95,1732484234.4713948
81.0,28.0,40.0,85.14,1732484237.5175576
80.0,28.0,40.0,85.73,1732484239.5769925
80.0,28.0,40.0,84.85,1732484242.5879006
80.0,28.0,40.0,84.95,1732484245.605349
80.0,28.0,40.0,85.14,1732484248.638332
80.0,28.0,40.0,85.92,1732484251.6736724
80.0,28.0,40.0,84.75,1732484253.7727911
80.0,28.0,40.0,84.85,1732484256.8070405
80.0,28.0,40.0,85.14,1732484259.8495538
80.0,28.0,40.0,86.41,1732484262.873546
80.0,28.0,40.0,84.75,1732484265.890303
80.0,28.0,39.0,84.85,1732484267.973108
79.0,28.0,39.0,85.04,1732484270.9984565
79.0,28.0,40.0,87.1,1732484274.0238662
80.0,28.0,40.0,84.65,1732484277.0571246
80.0,28.0,39.0,84.75,1732484280.091043
79.0,28.0,39.0,85.14,1732484282.1732082
79.0,28.0,39.0,66.67,1732484285.2071967
79.0,28.0,39.0,84.56,1732484288.240301
79.0,28.0,39.0,84.75,1732484291.274526
79.0,28.0,39.0,85.24,1732484294.2894886
79.0,28.0,39.0,84.56,1732484296.3698611
79.0,28.0,39.0,84.56,1732484299.3974142
79.0,28.0,39.0,84.75,1732484302.4383347
79.0,28.0,39.0,85.43,1732484305.4778223
79.0,28.0,39.0,84.46,1732484308.5079293
79.0,28.0,39.0,84.56,1732484310.570166
79.0,28.0,39.0,84.75,1732484313.6022468
79.0,28.0,39.0,85.73,1732484316.6215963
79.0,28.0,39.0,84.36,1732484319.6449978
79.0,28.0,39.0,84.46,1732484322.6740708
79.0,28.0,39.0,84.75,1732484324.7704132
79.0,28.0,39.0,86.61,1732484327.7957394
79.0,28.0,39.0,84.36,1732484330.8238237
79.0,28.0,39.0,84.56,1732484333.833739
79.0,28.0,39.0,84.75,1732484336.8656418
79.0,28.0,39.0,66.47,1732484338.966272
79.0,28.0,39.0,84.36,1732484341.999748
79.0,28.0,39.0,84.46,1732484345.0313127
79.0,28.0,39.0,84.85,1732484348.073503
79.0,28.0,39.0,85.14,1732484351.0957925
78.0,28.0,39.0,84.26,1732484353.1668913
78.0,28.0,39.0,84.46,1732484356.1886024
78.0,28.0,39.0,84.95,1732484359.2214563
78.0,28.0,39.0,84.16,1732484362.2456374
78.0,28.0,39.0,84.26,1732484365.303398
78.0,28.0,39.0,84.46,1732484367.3629146
78.0,27.0,39.0,85.14,1732484370.389981
78.0,28.0,39.0,84.07,1732484373.4172938
78.0,27.0,39.0,84.26,1732484376.4428513
78.0,28.0,39.0,84.46,1732484379.4582143
78.0,28.0,39.0,85.53,1732484381.5633807
78.0,28.0,39.0,84.16,1732484384.595836
78.0,28.0,39.0,84.26,1732484387.6277761
78.0,28.0,39.0,84.46,1732484390.6625292
78.0,28.0,39.0,86.71,1732484393.6909602
78.0,28.0,39.0,84.07,1732484395.763589
78.0,28.0,39.0,84.26,1732484398.7994816
78.0,28.0,39.0,84.56,1732484401.819584
78.0,27.0,39.0,86.02,1732484404.8406787
78.0,28.0,39.0,84.07,1732484407.8725142
78.0,28.0,39.0,84.16,1732484409.9599903
78.0,28.0,39.0,84.65,1732484412.9769688
78.0,27.0,39.0,84.16,1732484415.9987226
78.0,27.0,39.0,84.07,1732484419.0327046
78.0,27.0,39.0,84.16,1732484422.0689142
78.0,27.0,39.0,84.75,1732484424.159975
78.0,27.0,39.0,83.97,1732484427.1918561
78.0,27.0,39.0,84.07,1732484430.2196293
78.0,27.0,39.0,84.16,1732484433.2620068
78.0,27.0,38.0,85.04,1732484436.295381
77.0,27.0,39.0,83.97,1732484438.360647
78.0,27.0,39.0,83.97,1732484441.401973
78.0,27.0,39.0,84.26,1732484444.4445407
78.0,27.0,39.0,85.63,1732484447.465969
78.0,27.0,39.0,83.87,1732484450.5026424
78.0,27.0,39.0,83.97,1732484452.556806
78.0,27.0,39.0,84.26,1732484455.5749283
78.0,27.0,39.0,85.92,1732484458.597828
78.0,27.0,39.0,83.87,1732484461.6315835
78.0,27.0,39.0,83.97,1732484464.6555753
78.0,27.0,39.0,84.36,1732484466.7577431
78.0,27.0,39.0,85.24,1732484469.7903268
78.0,27.0,39.0,83.87,1732484472.8044174
78.0,27.0,39.0,83.97,1732484475.8409355
78.0,27.0,39.0,84.46,1732484478.8770137
78.0,27.0,38.0,83.77,1732484480.957259
77.0,27.0,38.0,83.87,1732484483.9837053
77.0,27.0,38.0,84.07,1732484487.0141528
77.0,27.0,38.0,84.65,1732484490.0439773
77.0,27.0,38.0,83.68,1732484493.0744996
77.0,27.0,38.0,83.77,1732484495.1529686
77.0,27.0,38.0,84.07,1732484498.181495
77.0,27.0,38.0,85.14,1732484501.2116215
77.0,27.0,38.0,83.68,1732484504.2390661
77.0,27.0,38.0,83.87,1732484507.2554193
77.0,27.0,38.0,84.07,1732484509.3535419
77.0,27.0,38.0,86.41,1732484512.371898
78.0,27.0,39.0,83.68,1732484515.405085
78.0,27.0,39.0,83.87,1732484518.4525983
78.0,27.0,38.0,84.16,1732484521.484618
77.0,27.0,38.0,66.57,1732484523.5538144
77.0,27.0,38.0,83.68,1732484526.5672698
77.0,27.0,38.0,83.87,1732484529.5938485
77.0,27.0,39.0,84.26,1732484532.6197965
78.0,27.0,38.0,83.58,1732484535.6452644
77.0,27.0,38.0,83.68,1732484537.7503283
77.0,27.0,38.0,83.87,1732484540.770163
77.0,27.0,38.0,84.46,1732484543.8049698
77.0,27.0,38.0,83.58,1732484546.8242545
77.0,27.0,38.0,83.68,1732484549.8526244
77.0,27.0,38.0,83.87,1732484551.9503841
77.0,27.0,38.0,84.75,1732484554.9711916
77.0,27.0,38.0,83.58,1732484558.0163758
77.0,27.0,38.0,83.68,1732484561.0444117
77.0,27.0,38.0,83.87,1732484564.080757
77.0,27.0,38.0,85.63,1732484566.1461668
77.0,27.0,38.0,83.58,1732484569.1716104
77.0,27.0,38.0,83.68,1732484572.2014403
77.0,27.0,38.0,83.97,1732484575.2329845
77.0,27.0,38.0,85.73,1732484578.2707095
77.0,27.0,38.0,83.58,1732484580.3472607
77.0,27.0,38.0,83.68,1732484583.3746176
77.0,27.0,38.0,84.07,1732484586.3941624
77.0,27.0,38.0,83.58,1732484589.4233532
77.0,27.0,38.0,83.48,1732484592.4479065
77.0,27.0,38.0,83.68,1732484594.5474207
77.0,27.0,38.0,84.26,1732484597.5707986
77.0,27.0,38.0,83.48,1732484600.5946248
77.0,27.0,38.0,83.48,1732484603.6300557
77.0,27.0,38.0,83.77,1732484606.6591341
77.0,27.0,38.0,84.46,1732484608.7429206
77.0,27.0,38.0,83.48,1732484611.783202
77.0,27.0,38.0,83.58,1732484614.8268366
77.0,27.0,38.0,83.77,1732484617.855137
77.0,27.0,38.0,85.14,1732484620.9013824
77.0,27.0,38.0,83.48,1732484622.944021
77.0,27.0,38.0,83.58,1732484625.9728732
77.0,27.0,38.0,83.77,1732484628.9987974
77.0,27.0,38.0,85.83,1732484632.024976
77.0,27.0,38.0,83.48,1732484635.0655441
77.0,27.0,38.0,83.58,1732484637.1433194
77.0,27.0,57.0,83.97,1732484640.1644573
120.0,27.0,38.0,64.42,1732484643.1876965
77.0,27.0,38.0,83.48,1732484646.2206295
77.0,27.0,38.0,83.58,1732484649.2364166
77.0,27.0,38.0,84.07,1732484651.3444185
77.0,27.0,38.0,83.38,1732484654.3819637
77.0,27.0,38.0,83.48,1732484657.4015422
77.0,27.0,38.0,83.68,1732484660.44524
77.0,27.0,38.0,84.36,1732484663.4655278
77.0,27.0,38.0,83.38,1732484665.5399003
77.0,27.0,38.0,83.48,1732484668.5648377
77.0,27.0,38.0,83.68,1732484671.5911543
77.0,27.0,38.0,84.85,1732484674.6151612
77.0,27.0,38.0,83.38,1732484677.6525111
77.0,27.0,38.0,83.48,1732484679.7404375
77.0,27.0,38.0,83.77,1732484682.7839715
77.0,27.0,38.0,85.92,1732484685.8255992
77.0,27.0,38.0,83.38,1732484688.8507967
77.0,27.0,38.0,83.48,1732484691.870144
77.0,27.0,38.0,83.77,1732484693.9371374
77.0,27.0,38.0,84.95,1732484696.9598951
77.0,27.0,38.0,83.38,1732484699.9918165
77.0,27.0,38.0,83.48,1732484703.0141203
77.0,27.0,38.0,83.97,1732484706.0556736
77.0,27.0,38.0,83.28,1732484708.1371658
77.0,27.0,38.0,83.38,1732484711.160927
77.0,27.0,38.0,83.58,1732484714.1881428
77.0,27.0,38.0,84.16,1732484717.2339845
77.0,27.0,38.0,83.28,1732484720.253748
77.0,27.0,38.0,83.38,1732484722.337425
77.0,27.0,38.0,83.58,1732484725.3551962
77.0,27.0,38.0,84.56,1732484728.3913252
77.0,27.0,38.0,83.28,1732484731.4281003
77.0,27.0,38.0,83.38,1732484734.4702353
77.0,27.0,38.0,83.68,1732484736.533792
77.0,27.0,38.0,85.63,1732484739.5680194
77.0,27.0,38.0,83.28,1732484742.6052325
77.0,27.0,38.0,83.48,1732484745.6356635
77.0,27.0,38.0,83.77,1732484748.6587362
77.0,27.0,38.0,65.79,1732484750.7340193
77.0,27.0,38.0,83.28,1732484753.7739658
77.0,27.0,38.0,83.38,1732484756.8152127
77.0,27.0,38.0,83.87,1732484759.845814
77.0,27.0,38.0,82.99,1732484762.8643317
77.0,27.0,38.0,83.28,1732484764.934248
77.0,27.0,38.0,83.48,1732484767.9577024
77.0,27.0,38.0,84.07,1732484770.9922917
77.0,27.0,38.0,83.19,1732484774.0325465
77.0,27.0,38.0,83.28,1732484777.0697563
77.0,27.0,38.0,83.48,1732484779.1307003
77.0,27.0,38.0,84.36,1732484782.1665833
77.0,27.0,38.0,83.19,1732484785.1953666
77.0,27.0,38.0,83.28,1732484788.2169235
77.0,27.0,38.0,83.58,1732484791.266363
77.0,27.0,38.0,84.95,1732484793.3303382
77.0,27.0,38.0,83.19,1732484796.368959
77.0,27.0,38.0,83.28,1732484799.39061
77.0,27.0,38.0,83.58,1732484802.431089
77.0,27.0,38.0,85.53,1732484805.4636326
77.0,27.0,38.0,83.19,1732484807.5305328
77.0,27.0,38.0,83.38,1732484810.5622246
77.0,27.0,38.0,83.68,1732484813.5994153
77.0,27.0,38.0,84.65,1732484816.6324039
77.0,27.0,38.0,83.19,1732484819.661681
77.0,27.0,38.0,83.38,1732484821.7272604
77.0,27.0,38.0,83.77,1732484824.7655778
77.0,27.0,38.0,83.19,1732484827.793216
77.0,27.0,38.0,83.28,1732484830.8290458
77.0,27.0,38.0,83.38,1732484833.8610218
77.0,27.0,38.0,83.97,1732484835.927606
76.0,27.0,38.0,83.19,1732484838.9691586
77.0,27.0,38.0,83.28,1732484842.013801
76.0,27.0,38.0,83.38,1732484845.0380592
77.0,27.0,38.0,84.36,1732484848.0654178
77.0,27.0,38.0,83.19,1732484850.127878
77.0,27.0,38.0,83.28,1732484853.1561146
77.0,27.0,38.0,83.48,1732484856.1897967
77.0,27.0,38.0,85.04,1732484859.2264726
77.0,27.0,38.0,83.19,1732484862.2489755
77.0,27.0,38.0,83.28,1732484864.324117
77.0,27.0,38.0,83.58,1732484867.3582897
77.0,27.0,38.0,85.43,1732484870.3818715
77.0,27.0,38.0,83.19,1732484873.4075062
77.0,27.0,38.0,83.28,1732484876.44078
77.0,27.0,38.0,83.68,1732484878.5243886
77.0,27.0,38.0,65.0,1732484881.5552886
77.0,27.0,38.0,83.19,1732484884.582929
77.0,27.0,38.0,83.28,1732484887.6242206
77.0,27.0,38.0,83.77,1732484890.6621559
77.0,27.0,38.0,83.09,1732484892.7251415
76.0,27.0,38.0,83.19,1732484895.748732
76.0,27.0,38.0,83.38,1732484898.7704513
76.0,27.0,38.0,83.97,1732484901.8038993
76.0,27.0,38.0,83.09,1732484904.8292508
77.0,27.0,38.0,83.19,1732484906.9207714
76.0,27.0,38.0,83.38,1732484909.9452171
77.0,27.0,38.0,84.36,1732484912.9941993
76.0,27.0,38.0,83.09,1732484916.0154843
77.0,27.0,38.0,83.19,1732484919.0489616
77.0,27.0,38.0,83.38,1732484921.1211307
77.0,27.0,38.0,85.14,1732484924.1565611
77.0,27.0,38.0,83.09,1732484927.1910567
77.0,27.0,38.0,83.19,1732484930.2152545
77.0,27.0,38.0,83.48,1732484933.2583342
77.0,27.0,38.0,65.98,1732484935.3169997
77.0,27.0,38.0,83.09,1732484938.3411648
77.0,27.0,38.0,83.19,1732484941.3618867
77.0,27.0,38.0,83.58,1732484944.3962035
77.0,27.0,38.0,73.9,1732484947.4254203
77.0,27.0,38.0,83.09,1732484949.5176117
77.0,27.0,38.0,83.28,1732484952.548466
77.0,27.0,38.0,83.77,1732484955.585329
77.0,27.0,38.0,82.99,1732484958.610766
76.0,27.0,38.0,83.09,1732484961.655192
76.0,27.0,38.0,83.28,1732484963.7173953
76.0,27.0,38.0,83.97,1732484966.7470315
76.0,27.0,38.0,83.09,1732484969.7679005
76.0,27.0,38.0,83.09,1732484972.8068943
76.0,27.0,38.0,83.38,1732484975.8525877
76.0,27.0,38.0,84.36,1732484977.9135106
76.0,27.0,38.0,83.09,1732484980.9473417
77.0,27.0,38.0,83.19,1732484983.9746752
77.0,27.0,38.0,83.38,1732484987.0039568
77.0,27.0,38.0,85.43,1732484990.0333529
76.0,27.0,38.0,83.09,1732484992.1142104
77.0,27.0,38.0,83.19,1732484995.1500309
77.0,27.0,38.0,83.48,1732484998.1786056
76.0,27.0,38.0,84.75,1732485001.2127938
77.0,27.0,38.0,83.09,1732485004.2552798
77.0,27.0,38.0,83.19,1732485006.3141384
77.0,27.0,38.0,83.58,1732485009.347328
77.0,27.0,38.0,83.28,1732485012.384948
76.0,27.0,38.0,83.09,1732485015.4213545
77.0,27.0,38.0,83.19,1732485018.459035
76.0,27.0,38.0,83.77,1732485020.5107198
76.0,27.0,38.0,82.99,1732485023.5430255
76.0,27.0,38.0,83.09,1732485026.5749745
76.0,27.0,38.0,83.28,1732485029.6079614
76.0,27.0,38.0,83.97,1732485032.640096
76.0,27.0,38.0,82.99,1732485034.711251
76.0,27.0,38.0,83.09,1732485037.7421079
76.0,27.0,38.0,83.38,1732485040.7594414
76.0,27.0,38.0,84.56,1732485043.795674
76.0,27.0,38.0,83.09,1732485046.8364604
76.0,27.0,38.0,83.09,1732485048.9109404
76.0,27.0,38.0,83.38,1732485051.9213884
76.0,27.0,38.0,85.43,1732485054.9465914
77.0,27.0,38.0,83.09,1732485057.9699304
77.0,27.0,38.0,83.19,1732485061.0121477
77.0,27.0,38.0,83.48,1732485063.1072426
77.0,27.0,38.0,84.46,1732485066.1324518
76.0,27.0,38.0,83.09,1732485069.1625066
77.0,27.0,38.0,83.19,1732485072.2026684
76.0,27.0,38.0,83.58,1732485075.2407002
76.0,27.0,38.0,82.99,1732485077.3079104
76.0,27.0,38.0,83.09,1732485080.3457127
76.0,27.0,38.0,83.19,1732485083.3757753
76.0,27.0,38.0,83.77,1732485086.4237435
76.0,27.0,38.0,82.99,1732485089.4464693
76.0,27.0,38.0,83.09,1732485091.5080252
76.0,27.0,38.0,83.28,1732485094.5385385
76.0,27.0,38.0,84.16,1732485097.5576694
76.0,27.0,38.0,82.99,1732485100.5968895
76.0,27.0,38.0,83.09,1732485103.6322591
76.0,27.0,38.0,83.38,1732485105.7040987
76.0,27.0,38.0,85.14,1732485108.7487817
76.0,27.0,38.0,82.99,1732485111.7787542
76.0,27.0,38.0,83.09,1732485114.8022559
76.0,27.0,38.0,83.38,1732485117.8420625
76.0,27.0,38.0,84.85,1732485119.9045603
77.0,27.0,38.0,82.99,1732485122.9309473
77.0,27.0,38.0,83.19,1732485125.9589396
77.0,27.0,38.0,83.58,1732485128.9828534
77.0,27.0,38.0,83.38,1732485132.002346
76.0,27.0,38.0,82.99,1732485134.1048326
76.0,27.0,38.0,83.19,1732485137.140733
76.0,27.0,38.0,83.68,1732485140.1640046
76.0,27.0,38.0,82.99,1732485143.1911092
76.0,27.0,38.0,83.09,1732485146.2311423
76.0,27.0,38.0,83.19,1732485148.3010616
76.0,27.0,38.0,83.97,1732485151.3331623
76.0,27.0,38.0,82.99,1732485154.358149
76.0,27.0,38.0,83.09,1732485157.3770533
76.0,27.0,38.0,83.28,1732485160.4116445
76.0,27.0,38.0,84.65,1732485162.5013092
76.0,27.0,38.0,82.99,1732485165.5348866
76.0,27.0,38.0,83.09,1732485168.5645356
76.0,27.0,38.0,83.38,1732485171.5939028
76.0,27.0,38.0,85.14,1732485174.6141653
76.0,27.0,38.0,82.99,1732485176.6974573
76.0,27.0,38.0,83.19,1732485179.724114
77.0,27.0,38.0,83.48,1732485182.7610126
77.0,27.0,38.0,63.93,1732485185.806848
76.0,27.0,38.0,82.99,1732485188.8335042
76.0,27.0,38.0,83.19,1732485190.898093
76.0,27.0,38.0,83.68,1732485193.9244678
76.0,27.0,38.0,82.89,1732485196.9607797
76.0,27.0,38.0,82.99,1732485199.990653
76.0,27.0,38.0,83.19,1732485203.0194802
76.0,27.0,38.0,83.87,1732485205.0983102
76.0,27.0,38.0,82.99,1732485208.1195333
76.0,27.0,38.0,82.99,1732485211.1418564
76.0,27.0,38.0,83.28,1732485214.1908278
76.0,27.0,38.0,84.26,1732485217.2052033
76.0,27.0,38.0,82.99,1732485219.2942295
76.0,27.0,38.0,83.09,1732485222.3359973
76.0,27.0,38.0,83.28,1732485225.3686662
76.0,27.0,38.0,85.34,1732485228.4084957
76.0,27.0,38.0,82.99,1732485231.4474418
76.0,27.0,38.0,83.09,1732485233.4943995
76.0,27.0,38.0,83.38,1732485236.5346181
76.0,27.0,38.0,84.07,1732485239.5620632
76.0,27.0,38.0,82.99,1732485242.6035793
76.0,27.0,38.0,83.09,1732485245.6478987
76.0,27.0,38.0,83.48,1732485247.6950285
76.0,27.0,38.0,82.89,1732485250.717594
76.0,27.0,38.0,82.99,1732485253.7571857
76.0,27.0,38.0,83.19,1732485256.7847548
76.0,27.0,38.0,83.77,1732485259.813531
76.0,27.0,38.0,82.89,1732485261.8909664
76.0,27.0,38.0,82.99,1732485264.9035187
76.0,27.0,38.0,83.19,1732485267.9489486
76.0,27.0,38.0,84.07,1732485270.9766862
76.0,27.0,38.0,82.89,1732485274.005694
76.0,27.0,38.0,82.99,1732485276.091145
76.0,27.0,38.0,83.19,1732485279.1314728
76.0,27.0,38.0,84.75,1732485282.1662846
76.0,27.0,38.0,82.99,1732485285.2076218
76.0,27.0,38.0,83.09,1732485288.2430575
76.0,27.0,38.0,83.38,1732485290.291353
76.0,27.0,38.0,84.75,1732485293.3144736
76.0,27.0,38.0,82.99,1732485296.3321693
76.0,27.0,38.0,83.09,1732485299.3533142
76.0,27.0,38.0,83.48,1732485302.3740928
76.0,27.0,38.0,83.48,1732485304.487488
76.0,27.0,38.0,82.99,1732485307.5114727
76.0,27.0,38.0,83.09,1732485310.555451
76.0,27.0,38.0,83.58,1732485313.5842786
76.0,27.0,38.0,82.89,1732485316.619747
76.0,27.0,38.0,82.99,1732485318.687753
76.0,27.0,38.0,83.19,1732485321.7068725
76.0,27.0,38.0,83.87,1732485324.7317877
76.0,27.0,38.0,82.89,1732485327.7623456
76.0,27.0,38.0,82.99,1732485330.7882328
76.0,27.0,38.0,83.19,1732485332.8880284
76.0,27.0,38.0,84.46,1732485335.927003
76.0,27.0,38.0,82.89,1732485338.9537432
76.0,27.0,38.0,82.99,1732485341.9817808
76.0,27.0,38.0,83.28,1732485345.0144513
76.0,27.0,38.0,65.79,1732485347.0841553
76.0,27.0,38.0,82.89,1732485350.1326756
76.0,27.0,38.0,83.09,1732485353.163202
76.0,27.0,38.0,83.38,1732485356.1757665
76.0,27.0,38.0,84.07,1732485359.196088
76.0,27.0,38.0,82.99,1732485361.2844124
76.0,27.0,38.0,83.09,1732485364.315907
76.0,27.0,38.0,83.48,1732485367.3467758
76.0,27.0,38.0,82.89,1732485370.3733714
76.0,27.0,38.0,82.99,1732485373.3992765
76.0,27.0,38.0,83.09,1732485375.4808857
76.0,27.0,38.0,83.68,1732485378.5173538
76.0,27.0,38.0,82.89,1732485381.553945
76.0,27.0,38.0,82.99,1732485384.5901327
76.0,27.0,38.0,83.19,1732485387.6200197
76.0,27.0,38.0,84.07,1732485389.6805413
76.0,27.0,38.0,82.89,1732485392.7102773
76.0,27.0,38.0,82.99,1732485395.7447581
76.0,27.0,38.0,83.19,1732485398.770139
76.0,27.0,38.0,85.04,1732485401.811691
76.0,27.0,38.0,82.89,1732485403.8812258
76.0,27.0,38.0,82.99,1732485406.908524
76.0,27.0,38.0,83.28,1732485409.9429617
76.0,27.0,38.0,65.49,1732485412.98564
76.0,27.0,38.0,82.89,1732485416.018411
76.0,27.0,38.0,82.99,1732485418.077829
76.0,27.0,38.0,83.48,1732485421.120418
76.0,27.0,38.0,83.28,1732485424.1456006
76.0,27.0,38.0,82.89,1732485427.1814878
76.0,27.0,38.0,83.09,1732485430.219054
76.0,27.0,38.0,83.58,1732485432.2776704
76.0,27.0,38.0,82.89,1732485435.3075948
76.0,27.0,38.0,82.99,1732485438.3447564
76.0,27.0,38.0,83.09,1732485441.3818095
76.0,27.0,38.0,83.87,1732485444.409926
76.0,27.0,38.0,82.89,1732485446.4781651
76.0,27.0,38.0,82.99,1732485449.5054882
76.0,27.0,38.0,83.19,1732485452.534515
76.0,27.0,38.0,84.56,1732485455.582867
76.0,27.0,38.0,82.89,1732485458.615665
76.0,27.0,38.0,82.99,1732485460.674359
76.0,27.0,38.0,83.28,1732485463.715113
76.0,27.0,38.0,84.75,1732485466.7375813
76.0,27.0,38.0,82.89,1732485469.763551
76.0,27.0,38.0,82.99,1732485472.792711
76.0,27.0,38.0,83.38,1732485474.8745954
76.0,27.0,38.0,83.77,1732485477.8946066
76.0,27.0,38.0,82.89,1732485480.9362934
76.0,27.0,38.0,83.09,1732485483.9650602
76.0,27.0,38.0,83.48,1732485486.9903278
76.0,27.0,38.0,82.89,1732485489.0746584
76.0,27.0,38.0,82.99,1732485492.104941
76.0,27.0,38.0,83.09,1732485495.131401
76.0,27.0,38.0,83.77,1732485498.1675153
76.0,27.0,38.0,82.89,1732485501.1859334
76.0,27.0,38.0,82.99,1732485503.270635
76.0,27.0,38.0,83.19,1732485506.2973113
76.0,27.0,38.0,84.26,1732485509.3265986
76.0,27.0,38.0,82.89,1732485512.371716
255.0,27.0,38.0,83.09,1732485549.4219286
76.0,27.0,38.0,83.48,1732485552.4644141
76.0,27.0,38.0,82.8,1732485555.5001462
76.0,27.0,38.0,82.89,1732485558.5265472
76.0,27.0,38.0,83.09,1732485560.567467
76.0,27.0,38.0,83.77,1732485563.5936658
76.0,27.0,38.0,82.89,1732485566.6315074
76.0,27.0,38.0,82.89,1732485569.675588
76.0,27.0,38.0,83.09,1732485572.699573
76.0,27.0,38.0,84.36,1732485574.76816
76.0,27.0,38.0,82.89,1732485577.794338
76.0,27.0,38.0,82.99,1732485580.8200572
76.0,27.0,38.0,83.19,1732485583.865169
76.0,27.0,38.0,84.85,1732485586.8957062
76.0,27.0,38.0,82.89,1732485588.9683185
76.0,27.0,38.0,82.99,1732485591.9960563
76.0,27.0,38.0,83.28,1732485595.0191598
76.0,27.0,38.0,64.22,1732485598.029714
76.0,27.0,38.0,82.89,1732485601.0641913
76.0,27.0,38.0,82.99,1732485603.1646967
76.0,27.0,38.0,83.48,1732485606.184034
76.0,27.0,38.0,82.8,1732485609.2155597
76.0,27.0,38.0,82.89,1732485612.2399197
76.0,27.0,38.0,83.09,1732485615.2748702
76.0,27.0,38.0,83.68,1732485617.364853
76.0,27.0,38.0,82.8,1732485620.398373
76.0,27.0,38.0,82.89,1732485623.4427986
76.0,27.0,38.0,83.09,1732485626.488018
76.0,27.0,38.0,84.07,1732485629.5173776
76.0,27.0,38.0,82.8,1732485631.5644026
76.0,27.0,38.0,82.99,1732485634.5884495
76.0,27.0,38.0,83.19,1732485637.6159494
76.0,27.0,38.0,85.04,1732485640.6546757
76.0,27.0,38.0,82.89,1732485643.6937804
76.0,27.0,38.0,82.99,1732485645.7610393
76.0,27.0,38.0,83.28,1732485648.7790165
76.0,27.0,38.0,84.07,1732485651.8179314
76.0,27.0,38.0,82.89,1732485654.8401716
76.0,27.0,38.0,82.99,1732485657.879424
76.0,27.0,38.0,83.38,1732485659.961365
76.0,27.0,38.0,81.92,1732485662.9764137
76.0,27.0,38.0,82.89,1732485666.000718
76.0,27.0,38.0,83.09,1732485669.035659
76.0,27.0,38.0,83.48,1732485672.0784452
76.0,27.0,38.0,82.8,1732485674.1619525
76.0,27.0,38.0,82.89,1732485677.1833088
76.0,27.0,38.0,83.09,1732485680.2174344
76.0,27.0,38.0,83.77,1732485683.2407851
76.0,27.0,38.0,82.8,1732485686.274377
76.0,27.0,38.0,82.89,1732485688.3579223
76.0,27.0,38.0,83.09,1732485691.3776517
76.0,27.0,38.0,84.36,1732485694.3962789
76.0,27.0,38.0,82.8,1732485697.4195786
76.0,27.0,38.0,82.89,1732485700.4513087
76.0,27.0,38.0,83.19,1732485703.4633079
76.0,27.0,38.0,65.0,1732485705.484966
76.0,27.0,38.0,82.89,1732485708.5105247
76.0,27.0,38.0,82.89,1732485711.5443308
76.0,27.0,38.0,83.28,1732485714.5799649
76.0,27.0,38.0,64.52,1732485717.613636
76.0,27.0,38.0,82.89,1732485719.6308317
76.0,27.0,38.0,82.99,1732485722.6553578
76.0,27.0,38.0,83.38,1732485725.6832194
76.0,27.0,38.0,82.8,1732485728.7094295
76.0,27.0,38.0,82.89,1732485731.7349398
76.0,27.0,38.0,82.99,1732485733.793209
76.0,27.0,38.0,83.58,1732485736.834737
76.0,27.0,38.0,82.8,1732485739.8573165
76.0,27.0,38.0,82.89,1732485742.9007545
76.0,27.0,38.0,83.09,1732485745.9271731
76.0,27.0,38.0,83.87,1732485747.9931924
76.0,27.0,38.0,82.8,1732485751.036092
76.0,27.0,38.0,82.89,1732485754.0802789
76.0,27.0,38.0,83.09,1732485757.1110168
76.0,27.0,38.0,84.56,1732485760.1520503
76.0,27.0,38.0,82.8,1732485762.1937556
76.0,27.0,38.0,82.89,1732485765.2287443
76.0,27.0,38.0,83.19,1732485768.242742
76.0,27.0,38.0,64.81,1732485771.271567
76.0,27.0,38.0,82.8,1732485774.3081095
76.0,27.0,38.0,82.99,1732485776.389387
76.0,27.0,38.0,83.28,1732485779.4176083
76.0,27.0,38.0,83.58,1732485782.44483
76.0,27.0,38.0,82.8,1732485785.4820766
76.0,27.0,38.0,82.99,1732485788.5111625
76.0,27.0,38.0,83.48,1732485790.5893962
76.0,27.0,38.0,82.8,1732485793.627608
76.0,27.0,38.0,82.89,1732485796.6556783
76.0,27.0,38.0,82.99,1732485799.6969385
76.0,27.0,38.0,83.68,1732485802.739475
76.0,27.0,38.0,82.8,1732485804.7903283
76.0,27.0,38.0,82.89,1732485807.8291776
76.0,27.0,38.0,83.09,1732485810.8566217
76.0,27.0,38.0,84.07,1732485813.9008837
76.0,27.0,38.0,82.8,1732485816.9371552
76.0,27.0,38.0,82.89,1732485818.9863615
76.0,27.0,38.0,83.09,1732485822.0253706
76.0,27.0,38.0,85.04,1732485825.0657248
76.0,27.0,38.0,82.8,1732485828.1081824
76.0,27.0,38.0,82.99,1732485831.1421523
76.0,27.0,38.0,83.19,1732485833.1865783
76.0,27.0,38.0,83.97,1732485836.216602
76.0,27.0,38.0,82.8,1732485839.2471666
76.0,27.0,38.0,82.99,1732485842.2723956
76.0,27.0,38.0,83.28,1732485845.3091395
76.0,27.0,38.0,82.7,1732485847.3863542
76.0,27.0,38.0,82.8,1732485850.4265203
76.0,27.0,38.0,82.99,1732485853.4621172
76.0,27.0,38.0,83.48,1732485856.5019288
76.0,27.0,38.0,82.8,1732485859.5412247
76.0,27.0,38.0,82.8,1732485861.582987
76.0,27.0,38.0,83.09,1732485864.6159184
76.0,27.0,38.0,83.77,1732485867.659584
76.0,27.0,38.0,82.8,1732485870.6935525
76.0,27.0,38.0,82.89,1732485873.7219048
76.0,27.0,38.0,83.09,1732485875.7833817
76.0,27.0,38.0,84.26,1732485878.8200269
76.0,27.0,38.0,82.8,1732485881.8502643
76.0,27.0,38.0,82.89,1732485884.8878074
76.0,27.0,38.0,83.09,1732485887.9065073
76.0,27.0,38.0,85.04,1732485889.9836698
76.0,27.0,38.0,82.8,1732485893.019535
76.0,27.0,38.0,82.89,1732485896.056775
76.0,27.0,38.0,83.19,1732485899.079478
76.0,27.0,38.0,83.97,1732485902.1134331
76.0,27.0,38.0,82.8,1732485904.1795363
76.0,27.0,38.0,82.99,1732485907.2151287
76.0,27.0,38.0,83.28,1732485910.252545
76.0,27.0,38.0,82.8,1732485913.2911165
76.0,27.0,38.0,82.8,1732485916.3288457
76.0,27.0,38.0,82.99,1732485918.3799162
76.0,27.0,38.0,83.48,1732485921.4114516
76.0,27.0,38.0,82.7,1732485924.4398537
76.0,27.0,38.0,82.8,1732485927.452399
76.0,27.0,38.0,82.99,1732485930.482553
76.0,27.0,38.0,83.77,1732485932.579836
76.0,27.0,38.0,82.8,1732485935.6209717
76.0,27.0,38.0,82.89,1732485938.663954
76.0,27.0,38.0,82.99,1732485941.685035
76.0,27.0,38.0,84.16,1732485944.7122624
76.0,27.0,38.0,82.8,1732485946.7768683
76.0,27.0,38.0,82.89,1732485949.8042972
76.0,27.0,38.0,83.09,1732485952.834572
76.0,27.0,38.0,85.14,1732485955.8620222
76.0,27.0,38.0,82.8,1732485958.8908448
76.0,27.0,38.0,82.89,1732485960.9765737
76.0,27.0,38.0,83.19,1732485964.0033348
76.0,27.0,38.0,64.81,1732485967.0322483
76.0,27.0,38.0,82.8,1732485970.0524619
76.0,27.0,38.0,82.89,1732485973.0861053
76.0,27.0,38.0,83.28,1732485975.1724215
76.0,27.0,38.0,82.99,1732485978.198108
76.0,27.0,38.0,82.8,1732485981.2398365
76.0,27.0,38.0,82.99,1732485984.2689054
76.0,27.0,38.0,83.48,1732485987.2981074
76.0,27.0,38.0,82.7,1732485989.3735886
76.0,27.0,38.0,82.8,1732485992.4177275
76.0,27.0,38.0,82.99,1732485995.4679067
76.0,27.0,38.0,83.68,1732485998.498049
76.0,27.0,38.0,82.8,1732486001.51937
76.0,27.0,38.0,82.89,1732486003.5735874
76.0,27.0,38.0,82.99,1732486006.6032715
76.0,27.0,38.0,84.16,1732486009.6528397
76.0,27.0,38.0,82.8,1732486012.6931984
76.0,27.0,38.0,82.8,1732486015.7069461
76.0,27.0,38.0,83.09,1732486017.7699795
76.0,27.0,38.0,85.14,1732486020.8123171
76.0,27.0,38.0,82.8,1732486023.8354087
76.0,27.0,38.0,82.89,1732486026.869916
76.0,27.0,38.0,83.19,1732486029.9048505
76.0,27.0,38.0,84.07,1732486031.9701574
76.0,27.0,38.0,82.8,1732486035.0056775
76.0,27.0,38.0,82.89,1732486038.0360136
76.0,27.0,38.0,83.28,1732486041.0769403
76.0,27.0,38.0,82.6,1732486044.1122794
76.0,27.0,38.0,82.8,1732486046.1702218
76.0,27.0,38.0,82.89,1732486049.2065275
76.0,27.0,38.0,83.48,1732486052.2376912
76.0,27.0,38.0,82.7,1732486055.260304
76.0,27.0,38.0,82.8,1732486058.2997074
76.0,27.0,38.0,82.89,1732486060.3658907
76.0,27.0,38.0,83.68,1732486063.3925805
76.0,26.0,37.0,84.95,1732486066.426257
74.0,25.0,36.0,85.73,1732486069.4489167
72.0,25.0,36.0,87.1,1732486072.4728782
71.0,24.0,34.0,89.44,1732486074.5668097
68.0,23.0,31.0,88.66,1732486077.6006632
63.0,18.0,25.0,89.35,1732486080.627439
50.0,13.0,19.0,89.64,1732486083.659713
35.0,9.0,13.0,90.32,1732486086.7027564
24.0,7.0,10.0,89.54,1732486088.7628272
20.0,6.0,9.0,89.64,1732486091.7771316
18.0,6.0,9.0,90.03,1732486094.80967
18.0,6.0,8.0,79.37,1732486097.8518932
17.0,6.0,8.0,89.64,1732486100.883921
17.0,6.0,8.0,89.74,1732486102.95046
17.0,6.0,8.0,90.22,1732486105.983054
17.0,6.0,8.0,89.54,1732486109.0133567
17.0,6.0,8.0,89.64,1732486112.0384076
17.0,6.0,8.0,89.83,1732486115.0727081
17.0,6.0,8.0,90.52,1732486117.138865
17.0,6.0,8.0,89.64,1732486120.1732621
17.0,6.0,8.0,86.71,1732486123.2017562
16.0,4.0,6.0,87.98,1732486126.214726
12.0,2.0,3.0,89.25,1732486129.2399487
7.0,2.0,3.0,89.74,1732486131.3272843
6.0,2.0,4.0,89.64,1732486134.3504753
9.0,4.0,6.0,90.13,1732486137.3753161
14.0,6.0,8.0,89.74,1732486140.399419
17.0,6.0,8.0,89.74,1732486143.4261312
17.0,6.0,8.0,89.83,1732486145.5106237
17.0,6.0,8.0,90.22,1732486148.5390148
17.0,6.0,8.0,89.64,1732486151.588185
17.0,19.0,37.0,1.37,1732486154.6220462
75.0,43.0,61.0,1.37,1732486157.647925
125.0,88.0,124.0,1.37,1732486159.7070253
249.0,88.0,123.0,1.37,1732486162.7340837
247.0,78.0,109.0,1.37,1732486165.7597296
218.0,77.0,108.0,1.37,1732486168.798058
218.0,132.0,185.0,1.37,1732486171.8570328
191.0,118.0,105.0,1.37,1732486173.9194088
211.0,57.0,182.0,57.67,1732486176.946077
109.0,178.0,249.0,93.65,1732486179.9649556
156.0,61.0,85.0,94.04,1732486183.0044334
142.0,41.0,54.0,92.67,1732486186.021367
108.0,11.0,11.0,92.57,1732486188.12414
22.0,6.0,9.0,92.77,1732486191.170705
17.0,6.0,8.0,94.13,1732486194.1881106
17.0,6.0,9.0,92.38,1732486197.203498
18.0,6.0,9.0,92.38,1732486200.238562
18.0,13.0,19.0,1.37,1732486202.307477
62.0,43.0,60.0,1.37,1732486205.3447495
125.0,79.0,133.0,1.37,1732486208.3799846
10.0,16.0,248.0,1.37,1732486211.4142487
240.0,222.0,209.0,1.37,1732486214.4499378
208.0,203.0,208.0,1.37,1732486216.5158548
208.0,89.0,111.0,92.38,1732486219.5473268
223.0,92.0,129.0,92.28,1732486222.5780787
213.0,42.0,60.0,92.67,1732486225.6137974
114.0,8.0,7.0,91.98,1732486228.6452405
12.0,4.0,5.0,91.98,1732486230.7126305
11.0,4.0,5.0,92.08,1732486233.7276804
11.0,30.0,42.0,1.37,1732486236.7483115
100.0,45.0,65.0,1.37,1732486239.7973115
130.0,122.0,210.0,1.37,1732486242.8238409
165.0,90.0,76.0,1.47,1732486244.9130654
208.0,208.0,208.0,1.37,1732486247.9419386
208.0,208.0,208.0,1.37,1732486250.9853902
208.0,208.0,208.0,30.3,1732486254.0151248
208.0,197.0,224.0,31.77,1732486257.0528626
138.0,56.0,181.0,32.45,1732486259.12897
18.0,192.0,247.0,32.16,1732486262.1499684
238.0,133.0,182.0,32.26,1732486265.1698477
109.0,125.0,175.0,32.45,1732486268.2069297
91.0,85.0,119.0,28.35,1732486271.2432969
211.0,46.0,63.0,28.45,1732486273.337899
127.0,39.0,53.0,28.45,1732486276.3529925
106.0,0.0,1.0,28.45,1732486279.379839
0.0,0.0,0.0,28.45,1732486282.4021811
0.0,0.0,0.0,28.35,1732486285.429595
0.0,0.0,0.0,28.35,1732486287.5263376
0.0,0.0,0.0,28.35,1732486290.549929
0.0,0.0,0.0,28.35,1732486293.5877278
0.0,0.0,0.0,28.25,1732486296.6345022
0.0,0.0,0.0,28.25,1732486299.6574357
0.0,0.0,0.0,28.25,1732486301.71019
0.0,0.0,0.0,28.25,1732486304.755796
0.0,0.0,0.0,28.15,1732486307.7812307
0.0,0.0,0.0,30.5,1732486310.8210127
1.0,5.0,7.0,33.72,1732486313.848523
23.0,17.0,30.0,32.16,1732486315.897796
61.0,38.0,55.0,32.06,1732486318.9154265
111.0,44.0,62.0,32.06,1732486321.951658
125.0,57.0,80.0,32.45,1732486324.9899416
175.0,71.0,100.0,31.87,1732486328.026506
201.0,74.0,112.0,1.37,1732486330.102333
225.0,133.0,187.0,1.37,1732486333.1332622
163.0,33.0,148.0,1.37,1732486336.1611989
180.0,66.0,163.0,1.47,1732486339.1954634
208.0,208.0,208.0,5.57,1732486342.2357445
208.0,208.0,208.0,3.42,1732486344.3108535
208.0,208.0,208.0,2.93,1732486347.354742
208.0,0.0,0.0,3.71,1732486350.387393
0.0,0.0,0.0,4.99,1732486353.4317622
0.0,0.0,0.0,4.89,1732486356.4743938
0.0,0.0,0.0,0.98,1732486358.4989102
0.0,0.0,0.0,1.37,1732486361.5116644
0.0,0.0,0.0,1.37,1732486364.540303
0.0,0.0,0.0,1.37,1732486367.552633
0.0,0.0,0.0,1.37,1732486370.582768
0.0,0.0,0.0,1.37,1732486372.6827807
0.0,0.0,0.0,1.37,1732486375.7062435
0.0,0.0,0.0,1.37,1732486378.7377396
0.0,0.0,0.0,1.37,1732486381.7780366
0.0,0.0,0.0,1.37,1732486384.8059537
0.0,0.0,0.0,1.37,1732486386.867158
0.0,0.0,0.0,1.37,1732486389.90595
0.0,0.0,0.0,1.37,1732486392.929913
0.0,0.0,0.0,1.37,1732486395.959611
0.0,35.0,254.0,1.37,1732486398.9749377
22.0,136.0,154.0,1.37,1732486401.0587611
251.0,45.0,62.0,1.37,1732486404.100977
125.0,41.0,60.0,1.37,1732486407.1299284
120.0,65.0,92.0,1.37,1732486410.1508682
215.0,144.0,238.0,1.37,1732486413.1710255
47.0,31.0,157.0,1.37,1732486415.2626326
59.0,52.0,176.0,1.37,1732486418.2888994
96.0,52.0,176.0,1.37,1732486421.3163345
98.0,54.0,177.0,1.37,1732486424.3379583
98.0,60.0,189.0,1.37,1732486427.370259
123.0,73.0,205.0,1.37,1732486429.4669645
159.0,86.0,224.0,1.47,1732486432.4988337
198.0,96.0,237.0,1.47,1732486435.513624
219.0,99.0,242.0,1.47,1732486438.5599756
228.0,103.0,247.0,1.47,1732486441.5884733
236.0,107.0,253.0,1.66,1732486443.679756
253.0,114.0,6.0,0.59,1732486446.716115
13.0,113.0,5.0,2.54,1732486449.7340918
10.0,113.0,5.0,1.96,1732486452.7619264
5.0,110.0,1.0,2.74,1732486455.790368
3.0,115.0,9.0,4.2,1732486457.8761253
19.0,117.0,10.0,4.79,1732486460.8929853
21.0,119.0,13.0,94.13,1732486463.9230475
30.0,121.0,17.0,91.5,1732486466.9603858
38.0,125.0,22.0,81.82,1732486470.002199
45.0,128.0,26.0,82.4,1732486472.076093
53.0,130.0,29.0,4.69,1732486475.0960338
59.0,132.0,31.0,4.59,1732486478.1328144
63.0,134.0,35.0,4.5,1732486481.1631186
71.0,132.0,32.0,4.4,1732486484.196683
64.0,136.0,37.0,4.4,1732486486.2769141
75.0,136.0,37.0,4.3,1732486489.3017206
74.0,137.0,39.0,4.3,1732486492.3304687
79.0,140.0,43.0,4.3,1732486495.3583715
86.0,139.0,42.0,4.2,1732486498.395292
82.0,137.0,36.0,4.2,1732486500.472685
68.0,134.0,34.0,4.2,1732486503.499736
69.0,130.0,29.0,4.11,1732486506.5274477
57.0,132.0,32.0,4.01,1732486509.572212
67.0,138.0,40.0,3.91,1732486512.621238
80.0,137.0,39.0,3.81,1732486514.67356
79.0,141.0,44.0,3.81,1732486517.7107415
91.0,144.0,48.0,3.71,1732486520.7457604
98.0,144.0,50.0,3.62,1732486523.7912593
101.0,145.0,51.0,3.52,1732486526.8351982
102.0,144.0,49.0,3.42,1732486528.8739393
98.0,146.0,51.0,3.42,1732486531.90497
103.0,146.0,51.0,3.32,1732486534.9379165
102.0,145.0,51.0,3.23,1732486537.9588714
103.0,143.0,47.0,3.13,1732486540.9738889
91.0,143.0,47.0,3.13,1732486543.074062
93.0,145.0,51.0,3.03,1732486546.1063557
102.0,147.0,51.0,2.93,1732486549.1422498
103.0,150.0,56.0,2.83,1732486552.1789315
113.0,150.0,56.0,2.74,1732486555.2003415
115.0,148.0,53.0,2.74,1732486557.278803
106.0,149.0,57.0,2.64,1732486560.2982786
114.0,150.0,57.0,2.54,1732486563.3352432
111.0,147.0,53.0,2.44,1732486566.3591597
106.0,150.0,57.0,2.44,1732486569.3815918
114.0,150.0,59.0,2.35,1732486571.4830773
118.0,156.0,65.0,2.35,1732486574.5197067
129.0,158.0,66.0,2.25,1732486577.5453606
128.0,155.0,64.0,2.25,1732486580.5957155
128.0,152.0,60.0,2.25,1732486583.6155648
120.0,155.0,64.0,2.15,1732486585.6907332
133.0,161.0,71.0,2.05,1732486588.71536
142.0,163.0,76.0,2.05,1732486591.7403753
153.0,166.0,79.0,1.96,1732486594.7660694
157.0,164.0,76.0,1.96,1732486597.806767
152.0,162.0,73.0,1.86,1732486599.8997695
146.0,158.0,67.0,1.76,1732486602.91801
135.0,159.0,70.0,1.66,1732486605.9542112
140.0,158.0,67.0,1.56,1732486608.9780495
135.0,160.0,70.0,1.56,1732486611.9981878
140.0,158.0,69.0,1.56,1732486614.1086488
139.0,160.0,70.0,1.47,1732486617.12969
139.0,160.0,70.0,1.47,1732486620.1675913
142.0,161.0,73.0,1.47,1732486623.1871142
146.0,163.0,73.0,1.47,1732486626.2156615
147.0,162.0,74.0,1.37,1732486628.320831
148.0,160.0,71.0,1.37,1732486631.3414493
140.0,160.0,68.0,1.37,1732486634.368908
137.0,161.0,72.0,1.47,1732486637.3900423
145.0,163.0,75.0,1.47,1732486640.4214766
151.0,164.0,76.0,1.47,1732486642.5293202
153.0,165.0,76.0,1.47,1732486645.544764
152.0,166.0,81.0,1.47,1732486648.5744011
163.0,171.0,86.0,1.37,1732486651.5932872
176.0,175.0,91.0,1.47,1732486654.6238968
186.0,175.0,93.0,1.47,1732486657.6535096
186.0,172.0,87.0,1.47,1732486659.6817741
174.0,171.0,86.0,1.37,1732486662.7120204
173.0,174.0,90.0,1.37,1732486665.7399044
181.0,176.0,91.0,1.37,1732486668.7688468
182.0,174.0,90.0,1.37,1732486671.7918556
180.0,174.0,90.0,1.37,1732486673.8187294
176.0,172.0,88.0,1.37,1732486676.8420115
176.0,176.0,91.0,1.37,1732486679.8663952
183.0,173.0,87.0,1.37,1732486682.9018655
174.0,171.0,86.0,1.37,1732486685.93208
173.0,169.0,83.0,1.37,1732486687.997218
167.0,170.0,85.0,1.37,1732486691.0214334
171.0,174.0,91.0,1.37,1732486694.0642524
183.0,176.0,93.0,1.37,1732486697.0969188
189.0,179.0,98.0,1.37,1732486700.135173
196.0,180.0,99.0,1.37,1732486702.206115
198.0,180.0,99.0,1.37,1732486705.2306275
198.0,179.0,97.0,1.37,1732486708.2611537
195.0,177.0,93.0,1.37,1732486711.2819602
186.0,172.0,90.0,1.37,1732486714.3089192
180.0,174.0,91.0,1.37,1732486716.4145792
182.0,176.0,93.0,1.37,1732486719.4388406
183.0,176.0,93.0,1.37,1732486722.4787111
187.0,176.0,93.0,1.37,1732486725.5114195
187.0,177.0,95.0,1.37,1732486728.5558233
190.0,178.0,95.0,1.37,1732486730.6268618
191.0,180.0,99.0,1.37,1732486733.6584797
198.0,173.0,89.0,1.37,1732486736.6924028
178.0,176.0,93.0,1.37,1732486739.7244556
187.0,176.0,93.0,1.37,1732486742.7542717
189.0,180.0,101.0,1.37,1732486744.8349333
202.0,180.0,99.0,1.37,1732486747.8577328
199.0,182.0,101.0,1.37,1732486750.881338
202.0,182.0,102.0,1.37,1732486753.9052932
207.0,186.0,107.0,1.37,1732486756.9339428
215.0,183.0,102.0,1.37,1732486759.9518044
204.0,182.0,102.0,1.37,1732486761.9743943
206.0,180.0,99.0,1.37,1732486765.014361
198.0,185.0,105.0,1.37,1732486768.053216
211.0,185.0,105.0,1.37,1732486771.0933695
211.0,181.0,101.0,1.37,1732486774.1206365
202.0,185.0,106.0,1.37,1732486776.1446452
211.0,186.0,106.0,1.37,1732486779.170636
212.0,191.0,114.0,1.37,1732486782.2091925
228.0,191.0,115.0,1.37,1732486785.2399597
228.0,190.0,113.0,1.37,1732486788.2759657
231.0,194.0,117.0,1.37,1732486790.3193629
235.0,194.0,118.0,1.37,1732486793.355398
237.0,195.0,119.0,1.37,1732486796.378739
239.0,193.0,117.0,1.37,1732486799.3980622
235.0,191.0,115.0,1.37,1732486802.436559
231.0,191.0,115.0,1.37,1732486804.5363564
230.0,191.0,115.0,1.37,1732486807.5765443
230.0,187.0,109.0,1.37,1732486810.6144176
220.0,191.0,115.0,1.37,1732486813.654788
230.0,191.0,114.0,1.37,1732486816.6644878
228.0,194.0,119.0,1.37,1732486818.7488117
244.0,197.0,122.0,1.37,1732486821.774268
244.0,197.0,125.0,1.37,1732486824.7947273
251.0,201.0,129.0,1.37,1732486827.841209
3.0,200.0,126.0,1.37,1732486830.8658903
252.0,199.0,126.0,1.37,1732486832.9615743
252.0,203.0,134.0,1.37,1732486835.987962
12.0,209.0,139.0,1.37,1732486839.0073316
22.0,207.0,136.0,1.37,1732486842.042509
17.0,207.0,134.0,1.37,1732486845.06548
13.0,202.0,128.0,1.37,1732486847.170069
0.0,202.0,129.0,1.37,1732486850.1954973
6.0,200.0,127.0,1.37,1732486853.2326753
255.0,202.0,126.0,1.37,1732486856.2707255
253.0,194.0,117.0,1.37,1732486859.3014326
235.0,190.0,113.0,1.37,1732486861.3826451
226.0,187.0,109.0,1.37,1732486864.4130075
219.0,193.0,117.0,1.37,1732486867.4361644
235.0,192.0,115.0,1.37,1732486870.4625437
231.0,190.0,113.0,1.37,1732486873.4910057
223.0,191.0,114.0,1.37,1732486875.59524
230.0,196.0,123.0,1.37,1732486878.6289058
246.0,206.0,136.0,1.37,1732486881.6721983
17.0,213.0,144.0,1.37,1732486884.6976414
36.0,214.0,146.0,1.37,1732486887.7250223
36.0,209.0,136.0,1.37,1732486889.80804
16.0,199.0,125.0,1.37,1732486892.832892
251.0,193.0,117.0,1.37,1732486895.8627284
235.0,196.0,122.0,1.37,1732486898.8927572
246.0,203.0,134.0,1.37,1732486901.92506
12.0,209.0,139.0,1.37,1732486904.0203955
22.0,209.0,139.0,1.37,1732486907.0430434
25.0,210.0,140.0,1.37,1732486910.0569198
23.0,206.0,135.0,1.37,1732486913.1005964
14.0,208.0,139.0,1.37,1732486916.1249676
22.0,208.0,138.0,1.37,1732486918.228256
17.0,211.0,142.0,1.37,1732486921.2593372
30.0,214.0,147.0,1.37,1732486924.2953696
38.0,215.0,148.0,1.37,1732486927.3371246
41.0,219.0,153.0,1.37,1732486930.3797784
48.0,215.0,147.0,1.37,1732486932.4372866
38.0,213.0,146.0,1.37,1732486935.482492
36.0,212.0,144.0,1.37,1732486938.5156806
32.0,212.0,144.0,1.37,1732486941.5319078
32.0,215.0,146.0,1.37,1732486944.5694036
30.0,206.0,135.0,1.37,1732486946.6499126
14.0,208.0,138.0,1.37,1732486949.6611469
16.0,203.0,131.0,1.37,1732486952.6874397
9.0,205.0,135.0,1.37,1732486955.7091742
14.0,208.0,138.0,1.37,1732486958.729952
20.0,214.0,147.0,1.37,1732486961.7563307
38.0,216.0,150.0,1.37,1732486963.77247
47.0,223.0,156.0,1.37,1732486966.80615
57.0,218.0,152.0,1.37,1732486969.850548
48.0,220.0,154.0,1.37,1732486972.8836071
50.0,215.0,147.0,1.37,1732486975.8994987
39.0,220.0,154.0,1.37,1732486977.916167
53.0,214.0,147.0,1.37,1732486980.9594796
38.0,218.0,151.0,1.37,1732486983.9962268
48.0,218.0,151.0,1.37,1732486987.0351017
48.0,229.0,169.0,1.37,1732486990.06491
82.0,236.0,178.0,1.37,1732486992.1173294
101.0,242.0,185.0,1.37,1732486995.1386125
118.0,238.0,180.0,1.37,1732486998.1592848
100.0,235.0,177.0,1.37,1732487001.1823132
98.0,232.0,172.0,1.37,1732487004.2218707
89.0,234.0,174.0,1.37,1732487006.3305233
97.0,239.0,181.0,1.37,1732487009.3489099
105.0,237.0,181.0,1.37,1732487012.3856328
106.0,239.0,181.0,1.37,1732487015.4081476
106.0,244.0,188.0,1.37,1732487018.4273515
124.0,245.0,192.0,1.37,1732487020.5431478
136.0,250.0,197.0,1.37,1732487023.5726473
138.0,250.0,197.0,1.37,1732487026.6135583
139.0,247.0,192.0,1.37,1732487029.643919
133.0,244.0,186.0,1.37,1732487032.679568
111.0,242.0,187.0,1.37,1732487034.755702
118.0,239.0,181.0,1.37,1732487037.7903867
106.0,239.0,182.0,1.37,1732487040.803052
111.0,243.0,183.0,1.37,1732487043.8364341
108.0,239.0,181.0,1.37,1732487046.8700938
106.0,242.0,186.0,1.37,1732487048.9723694
116.0,243.0,187.0,1.37,1732487052.0009174
116.0,246.0,188.0,1.37,1732487055.0433218
121.0,240.0,183.0,1.37,1732487058.0846076
111.0,237.0,178.0,1.37,1732487061.1118462
98.0,236.0,178.0,1.37,1732487063.1843326
101.0,241.0,187.0,1.37,1732487066.2166219
119.0,243.0,188.0,1.37,1732487069.2351744
121.0,246.0,191.0,1.37,1732487072.2769341
118.0,240.0,182.0,1.37,1732487075.3235621
106.0,238.0,180.0,1.37,1732487077.3977983
105.0,234.0,174.0,1.37,1732487080.4188905
92.0,239.0,182.0,1.37,1732487083.4422038
111.0,242.0,186.0,1.37,1732487086.46657
111.0,246.0,192.0,1.37,1732487089.5010192
129.0,244.0,187.0,1.37,1732487091.6141531
119.0,245.0,190.0,1.37,1732487094.6324108
133.0,3.0,209.0,1.37,1732487097.6688786
161.0,7.0,218.0,1.37,1732487100.6987677
181.0,13.0,223.0,1.37,1732487103.7273746
191.0,7.0,215.0,1.37,1732487105.8188043
172.0,6.0,213.0,1.37,1732487108.8394516
165.0,254.0,202.0,1.37,1732487111.8672376
149.0,254.0,202.0,1.37,1732487114.891408
149.0,254.0,202.0,1.37,1732487117.9114373
146.0,1.0,206.0,1.37,1732487120.9263058
163.0,6.0,212.0,1.37,1732487122.946346
168.0,1.0,205.0,1.37,1732487125.9770176
155.0,1.0,206.0,1.37,1732487129.0120325
155.0,254.0,202.0,1.37,1732487132.051998
148.0,1.0,208.0,1.37,1732487135.073828
161.0,4.0,210.0,1.37,1732487137.1013672
163.0,3.0,209.0,1.37,1732487140.1253967
163.0,1.0,205.0,1.37,1732487143.1490602
148.0,251.0,200.0,1.37,1732487146.1869028
144.0,0.0,205.0,1.37,1732487149.218557
155.0,253.0,201.0,1.37,1732487151.2867913
146.0,0.0,204.0,1.37,1732487154.311822
153.0,250.0,197.0,1.37,1732487157.34325
138.0,254.0,202.0,1.37,1732487160.3751068
149.0,1.0,206.0,1.37,1732487163.4089437
163.0,13.0,223.0,1.37,1732487165.495106
191.0,11.0,221.0,1.37,1732487168.514113
186.0,13.0,223.0,1.37,1732487171.5606284
186.0,8.0,216.0,1.37,1732487174.5946774
181.0,9.0,219.0,1.37,1732487177.6204631
183.0,6.0,215.0,1.37,1732487179.699157
175.0,7.0,215.0,1.37,1732487182.7115092
168.0,3.0,209.0,1.37,1732487185.727519
165.0,7.0,215.0,1.37,1732487188.744573
175.0,9.0,219.0,1.37,1732487191.7860646
183.0,20.0,233.0,1.37,1732487194.810765
211.0,16.0,227.0,1.37,1732487196.846018
200.0,24.0,239.0,1.37,1732487199.870985
222.0,21.0,232.0,1.37,1732487202.8841789
208.0,18.0,230.0,1.37,1732487205.9102988
204.0,16.0,227.0,1.37,1732487208.945429
195.0,16.0,227.0,1.37,1732487210.9715087
199.0,15.0,226.0,1.37,1732487213.9853818
197.0,20.0,233.0,1.37,1732487217.0094798
206.0,20.0,232.0,1.37,1732487220.033982
204.0,14.0,225.0,1.37,1732487223.061936
195.0,13.0,223.0,1.37,1732487225.1669152
186.0,11.0,220.0,1.37,1732487228.189034
186.0,19.0,233.0,1.37,1732487231.20949
213.0,30.0,247.0,1.37,1732487234.238362
239.0,30.0,247.0,1.37,1732487237.2551417
243.0,28.0,245.0,1.37,1732487240.2921002
222.0,20.0,231.0,1.37,1732487242.3099134
206.0,25.0,245.0,1.37,1732487245.3359687
234.0,31.0,248.0,1.37,1732487248.370501
243.0,37.0,1.0,1.37,1732487251.3980598
3.0,32.0,249.0,1.37,1732487254.427909
243.0,26.0,240.0,1.37,1732487256.4388852
224.0,30.0,247.0,1.37,1732487259.4712644
245.0,34.0,252.0,1.37,1732487262.5191832
243.0,34.0,254.0,1.37,1732487265.5515327
253.0,39.0,3.0,1.37,1732487268.5769365
6.0,36.0,255.0,1.37,1732487270.6273935
251.0,34.0,252.0,1.37,1732487273.6489198
245.0,30.0,247.0,1.37,1732487276.691984
239.0,26.0,243.0,1.37,1732487279.728923
230.0,31.0,248.0,1.37,1732487282.7650383
241.0,37.0,1.0,1.37,1732487284.8356273
255.0,39.0,3.0,1.37,1732487287.8696086
6.0,34.0,253.0,1.37,1732487290.9158936
251.0,32.0,249.0,1.37,1732487293.9576368
239.0,32.0,249.0,1.37,1732487296.997223
245.0,39.0,6.0,1.37,1732487299.0360951
12.0,45.0,12.0,1.37,1732487302.0677018
24.0,54.0,25.0,1.37,1732487305.0851474
50.0,51.0,20.0,1.37,1732487308.1109805
38.0,48.0,17.0,1.37,1732487311.1332448
34.0,50.0,19.0,1.37,1732487313.2364154
36.0,49.0,18.0,1.37,1732487316.267907
36.0,51.0,20.0,1.37,1732487319.2911406
40.0,45.0,9.0,1.37,1732487322.3044538
18.0,43.0,10.0,1.37,1732487325.3241892
16.0,45.0,12.0,1.37,1732487327.432413
26.0,50.0,18.0,1.37,1732487330.4479058
36.0,48.0,18.0,1.37,1732487333.47706
36.0,54.0,24.0,1.37,1732487336.4966078
50.0,51.0,21.0,1.37,1732487339.516467
40.0,54.0,25.0,1.37,1732487341.6325958
50.0,54.0,26.0,1.37,1732487344.653812
52.0,58.0,30.0,1.37,1732487347.6689372
59.0,60.0,33.0,1.37,1732487350.6928427
67.0,61.0,33.0,1.37,1732487353.712827
67.0,53.0,24.0,1.37,1732487356.7370605
48.0,55.0,26.0,1.37,1732487358.7735891
50.0,49.0,18.0,1.37,1732487361.8086681
36.0,54.0,27.0,1.37,1732487364.8374507
54.0,57.0,30.0,1.37,1732487367.8582737
61.0,62.0,36.0,1.37,1732487370.8949814
77.0,62.0,34.0,1.37,1732487372.915812
67.0,54.0,24.0,1.37,1732487375.9347973
48.0,49.0,18.0,1.37,1732487378.957758
28.0,49.0,18.0,1.37,1732487381.9841778
38.0,54.0,27.0,1.37,1732487385.0291686
54.0,65.0,43.0,1.37,1732487387.067505
86.0,75.0,54.0,1.37,1732487390.0885627
105.0,78.0,58.0,1.37,1732487393.1126053
127.0,83.0,60.0,1.37,1732487396.1319327
120.0,74.0,51.0,1.27,1732487399.1595392
103.0,69.0,46.0,1.37,1732487402.1825306
90.0,62.0,35.0,1.37,1732487404.206226
71.0,65.0,42.0,1.37,1732487407.22307
84.0,69.0,46.0,1.37,1732487410.2537587
92.0,74.0,52.0,1.37,1732487413.282017
109.0,72.0,50.0,1.37,1732487416.3099256
101.0,74.0,51.0,1.37,1732487418.329969
103.0,80.0,60.0,1.37,1732487421.3472333
120.0,73.0,51.0,1.37,1732487424.3788218
112.0,81.0,62.0,1.37,1732487427.4102957
123.0,84.0,68.0,1.37,1732487430.4450786
136.0,88.0,73.0,1.37,1732487432.5155425
147.0,85.0,68.0,1.37,1732487435.5368078
138.0,87.0,69.0,1.37,1732487438.5616062
138.0,88.0,71.0,1.37,1732487441.585798
143.0,85.0,68.0,1.37,1732487444.6206403
138.0,80.0,61.0,1.37,1732487446.7195377
125.0,86.0,68.0,1.37,1732487449.743407
136.0,92.0,79.0,1.37,1732487452.7713113
159.0,96.0,84.0,1.37,1732487455.8029144
168.0,94.0,80.0,1.37,1732487458.8488822
159.0,87.0,69.0,1.37,1732487460.9238684
138.0,81.0,65.0,1.37,1732487463.9481008
131.0,80.0,61.0,1.37,1732487466.9793134
120.0,77.0,57.0,1.37,1732487469.9996889
120.0,84.0,71.0,1.37,1732487473.024158
143.0,87.0,71.0,1.37,1732487475.1286986
143.0,89.0,73.0,1.37,1732487478.1627302
147.0,82.0,63.0,1.37,1732487481.1939356
127.0,80.0,63.0,1.37,1732487484.2047422
127.0,75.0,58.0,1.37,1732487487.2439566
116.0,84.0,67.0,1.37,1732487489.3327312
134.0,92.0,78.0,1.37,1732487492.3622093
161.0,95.0,80.0,1.37,1732487495.3859713
161.0,94.0,78.0,1.37,1732487498.4214582
